{
  "manufacturer": "Apple",
  "brand": "M1",
  "memory": {
    "total": 8589934592,
    "totalPretty": "8.59 GB"
  },
  "benchmarks": {
    "simple": [
      {
        "name": "arrow-render-to-string",
        "options": {
          "async": false,
          "defer": false,
          "delay": 0.005,
          "initCount": 1,
          "maxTime": 5,
          "minSamples": 5,
          "minTime": 0.05
        },
        "async": false,
        "defer": false,
        "delay": 0.005,
        "initCount": 1,
        "maxTime": 5,
        "minSamples": 5,
        "minTime": 0.05,
        "id": 1,
        "stats": {
          "moe": 4.4571210537133215e-10,
          "rme": 0.7987258729381004,
          "sem": 2.274041353935368e-10,
          "deviation": 2.26264257862662e-9,
          "mean": 5.5802888133795806e-8,
          "variance": 5.11955143861412e-18
        },
        "times": {
          "cycle": 0.05080830643426855,
          "elapsed": 5.525,
          "period": 5.5802888133795806e-8,
          "timeStamp": 1700385384463
        },
        "running": false,
        "count": 910496,
        "cycles": 9,
        "hz": 17920219.426678237
      }
    ],
    "partials": [
      {
        "name": "arrow-render-to-string",
        "options": {
          "async": false,
          "defer": false,
          "delay": 0.005,
          "initCount": 1,
          "maxTime": 5,
          "minSamples": 5,
          "minTime": 0.05
        },
        "async": false,
        "defer": false,
        "delay": 0.005,
        "initCount": 1,
        "maxTime": 5,
        "minSamples": 5,
        "minTime": 0.05,
        "id": 2,
        "stats": {
          "moe": 6.521885681495138e-8,
          "rme": 6.89892458853987,
          "sem": 3.3274926946403764e-8,
          "deviation": 2.743920769694681e-7,
          "mean": 9.45348162281546e-7,
          "variance": 7.52910119036185e-14
        },
        "times": {
          "cycle": 0.07598803063235295,
          "elapsed": 5.47,
          "period": 9.45348162281546e-7,
          "timeStamp": 1700385389989
        },
        "running": false,
        "count": 80381,
        "cycles": 8,
        "hz": 1057811.3333256552
      }
    ],
    "dynamic-partials": [
      {
        "name": "arrow-render-to-string",
        "options": {
          "async": false,
          "defer": false,
          "delay": 0.005,
          "initCount": 1,
          "maxTime": 5,
          "minSamples": 5,
          "minTime": 0.05
        },
        "async": false,
        "defer": false,
        "delay": 0.005,
        "initCount": 1,
        "maxTime": 5,
        "minSamples": 5,
        "minTime": 0.05,
        "id": 3,
        "stats": {
          "moe": 5.985988558126182e-9,
          "rme": 0.46174229556330887,
          "sem": 3.054075794962338e-9,
          "deviation": 2.9767448686956854e-8,
          "mean": 0.0000012963916486843583,
          "variance": 8.861010013306093e-16
        },
        "times": {
          "cycle": 0.05390655753559299,
          "elapsed": 5.436,
          "period": 0.0000012963916486843583,
          "timeStamp": 1700385395461
        },
        "running": false,
        "count": 41582,
        "cycles": 5,
        "hz": 771371.8312015114
      }
    ],
    "reactive": [
      {
        "name": "arrow-render-to-string",
        "options": {
          "async": false,
          "defer": false,
          "delay": 0.005,
          "initCount": 1,
          "maxTime": 5,
          "minSamples": 5,
          "minTime": 0.05
        },
        "async": false,
        "defer": false,
        "delay": 0.005,
        "initCount": 1,
        "maxTime": 5,
        "minSamples": 5,
        "minTime": 0.05,
        "id": 4,
        "stats": {
          "moe": 9.793382664937847e-9,
          "rme": 0.832972342269395,
          "sem": 4.9966238086417585e-9,
          "deviation": 4.766475325796617e-8,
          "mean": 0.0000011757152270213707,
          "variance": 2.2719287031427963e-15
        },
        "times": {
          "cycle": 0.0542616091574903,
          "elapsed": 5.481,
          "period": 0.0000011757152270213707,
          "timeStamp": 1700385400898
        },
        "running": false,
        "count": 46152,
        "cycles": 6,
        "hz": 850546.0991038294
      }
    ],
    "dynamic-reactive": [
      {
        "name": "arrow-render-to-string",
        "options": {
          "async": false,
          "defer": false,
          "delay": 0.005,
          "initCount": 1,
          "maxTime": 5,
          "minSamples": 5,
          "minTime": 0.05
        },
        "async": false,
        "defer": false,
        "delay": 0.005,
        "initCount": 1,
        "maxTime": 5,
        "minSamples": 5,
        "minTime": 0.05,
        "id": 5,
        "stats": {
          "moe": 1.759674593141769e-8,
          "rme": 0.7147246692025013,
          "sem": 8.977931597662087e-9,
          "deviation": 8.469763729723892e-8,
          "mean": 0.0000024620314212817586,
          "variance": 7.173689763734639e-15
        },
        "times": {
          "cycle": 0.05561236574391236,
          "elapsed": 5.443,
          "period": 0.0000024620314212817586,
          "timeStamp": 1700385406380
        },
        "running": false,
        "count": 22588,
        "cycles": 5,
        "hz": 406168.6586759278
      }
    ],
    "real": [
      {
        "name": "arrow-render-to-string",
        "options": {
          "async": false,
          "defer": false,
          "delay": 0.005,
          "initCount": 1,
          "maxTime": 5,
          "minSamples": 5,
          "minTime": 0.05
        },
        "async": false,
        "defer": false,
        "delay": 0.005,
        "initCount": 1,
        "maxTime": 5,
        "minSamples": 5,
        "minTime": 0.05,
        "id": 6,
        "stats": {
          "moe": 2.9667532523642946e-8,
          "rme": 0.505865736175033,
          "sem": 1.5136496185532115e-8,
          "deviation": 1.4830676859255046e-7,
          "mean": 0.000005864704881569163,
          "variance": 2.1994897610364308e-14
        },
        "times": {
          "cycle": 0.052858585097582865,
          "elapsed": 5.574,
          "period": 0.000005864704881569163,
          "timeStamp": 1700385411824
        },
        "running": false,
        "count": 9013,
        "cycles": 5,
        "hz": 170511.56370078755
      }
    ],
    "goBonkers": [
      {
        "name": "arrow-render-to-string",
        "options": {
          "async": false,
          "defer": false,
          "delay": 0.005,
          "initCount": 1,
          "maxTime": 5,
          "minSamples": 5,
          "minTime": 0.05
        },
        "async": false,
        "defer": false,
        "delay": 0.005,
        "initCount": 1,
        "maxTime": 5,
        "minSamples": 5,
        "minTime": 0.05,
        "id": 7,
        "stats": {
          "moe": 0.07996113881853836,
          "rme": 3.17091002204916,
          "sem": 0.031101181959758212,
          "deviation": 0.07618202619886096,
          "mean": 2.5217094860000002,
          "variance": 0.005803701115763936
        },
        "times": {
          "cycle": 2.5217094860000002,
          "elapsed": 30.584,
          "period": 2.5217094860000002,
          "timeStamp": 1700385417400
        },
        "running": false,
        "count": 1,
        "cycles": 1,
        "hz": 0.39655638587703673
      }
    ]
  }
}
